a0aa0200977507a0e7bdd5f9bea229de,not packed
a07cab807d3c12858596aad9cfd7a285,not packed
a0010e46572d06ca55c9ec58c5ed5786,not packed
a070b8c10c71e90cef1eeba6228862fb,not packed
a0030453e0b1314697f72ecf4e2554a4,not packed
a084f28a2894f243481ee0d05a65e78d,not packed
a0611ef4331954d74c2a8cb4bd370673,not packed
a01a4eacc4084f3a0d882d526bfc9a96,not packed
a071d42b921c1e2a185607d608842f98,not packed
a04c1c2eb8281255b1385a4344535ae0,not packed
a06a7dd1546b0c0007b70a37509ae426,not packed
a02670a6d7a45d1751afc6c7238e466b,not packed
a07cf555eea057a84560fa1e54b3a250,not packed
a09f62fae9124eacd478023833a25d41,not packed
a011c98d56c5898741589cff3dcd73a3,not packed
a00938e34d25fa49ed6852affb8697a3,not packed
a0637114f1cf9c914a7f4f5e4acf8a92,not packed
a013ca3a1555a2ad251371a8975f84fa,not packed
a060747f4d77dccaf9514798777b9f52,not packed
a00552c43f3ed72bcc0502ef3ec5d00f,not packed
a05c60c1bbdc418603eb3d954a2cc6df,not packed
a04839d76fd73942d324f80065a2c0ec,not packed
a0335fce715717f77d9d2466716182d8,not packed
a07edf2e3f8aa219f37f81d859ffef58,not packed
a04ce09506d74fce75a9f4fa0179ccf3,not packed
a03ae4cbba94f11542fa2520f8131039,not packed
a003d6b5fa23ba79a2fcdbc4021190b8,not packed
a04fbd77f2595e30d3bd4c0dff542591,not packed
a051e32935d4747f15fb0c9a5d06fe9c,not packed
a001fdfe6d9c9d86281adef65ce6660e,not packed
a03342b338f624adb6b822cd987dbdf8,not packed
a08cefe173d777291f43ea64d0052cf3,not packed
a07cd67da1a6653ba57aea34221cb850,not packed
a07a7ec1e5ae75faa47b4e6a0f978937,not packed
a08d31d3717821c24a610e8a1298243f,not packed
a02196dda7b06cac10cb62f3965eca3b,not packed
a08dcb3ea7ae5db7dda915e629e360d9,not packed
a00571984ffe2f2dc0385f361d659652,not packed
a011cf598dbdd22f5f28cf8cc3ad53d7,not packed
a0080d4432cef1239d7c5303bee8bd94,not packed
a05602e8a0b4c6e070d7c54099230c77,not packed
a02dd5dc197681b3e83122bc98ae42d1,not packed
a07be57bd3654f031dae6d3810d94d99,not packed
a03ef035874b029ba3a79f82015fa732,not packed
a03a2b7982cd4fb5ae6d92e27ac53f4d,not packed
a0493cbe68117af8b584bb38ee341923,not packed
a00ef156b03467fdc932b89c4028eba2,not packed
a03dcc8f6af70495ba55c13c99351f1e,not packed
a02854d28e48b4c803792c691fceaa82,not packed
a06065c69c9d63d79008121fcb65ce9e,not packed
a013edb0439781c4e8832747063fd58f,not packed
a02add899f3e9fecf5bf56e019102f25,not packed
a07a19d1ba61c05e38f0b3b744c54bc0,not packed
a01d36d81814a7873f37179adc6b1f9f,not packed
a028150d310abb9c4a985d2588230745,not packed
a05939510f844a37d07fb462cb9a74ef,not packed
a029de08d8c2a22a97abb4918dc620c1,not packed
a002ab01c2178d41bff8f9ec2df90908,not packed
a06514d35c8a86d01e4a761155f049a0,not packed
005fbfbcd07d1554774fc6d30a42f147,not packed
a049d5250156d85c7d21bcffc3efd802,not packed
a115c53db22b5cfadbff1b879f112872,not packed
a0552aab4e9d7ac7d5fcad2b6279071a,not packed
a02fa6ffb5774c0427d2007008897546,not packed
a02f3a81d37eaf154aa8f7717e0f3cfa,not packed
a05bcc76a690064193b5c7402d81e807,not packed
a068a93004bbbfa5e1d552b3c13be8ba,not packed
a04a91c2cb12d278ffdd6bad42c97ee0,not packed
a05f13720e84fee4a4b31cfe61e07aa1,not packed
a038a6647cfe4bfba2a34e34f3fb142f,not packed
a06e5f006f47cddfc58f392e99366dcd,not packed
a04bdf168b563bb889999817b1a8cddc,not packed
a0233865bf5ce083d2fd6f9e289c3fba,not packed
a082dfeeffd5ebd169dd2b86bb3a358c,not packed
a01c289a81f555708b6aebb36cecf204,not packed
a024065bbd44e6b7606f3f2a5bdaee30,upx
a07e2da7ebea24770cc2c6234f0b663c,upx
a03ac9369e12c8691f563f1e94c48be3,upx
a02cabad47e85bd82247b233b2d58c17,upx
a0333931afbb9b1bba958dcbd9267c7d,upx
a01a508963517241cfe0bacb42e9d777,upx
a024a7e3053e3b9546eee5af8856cb71,upx
a01cfec8f0a82303c9ae5fe48571318c,upx
a070375377e574855e917b7eaccd000e,upx
a00009c958fe3e0688b95327777556bf,upx
a02ae3fd814739312c8a4caed8d7f1b3,upx
a01b6aa22acea4a3c4faaf3f47153cf0,upx
a06e485f94eaaed36628539780df2446,upx
a03d972dcba48441ead3b38e5d84facb,upx
a0301e1426dd20cb3fa0f8351c496c0f,upx
a0188f151f2e0d5a1cbb7e905b11842e,upx
a0665932b802a6d8118ed3dfb0d29030,upx
a07a81b92ea0f284cee5ec7a813e0252,upx
a000a17b40ecaa0598eee8acbcac8215,upx
a030b3f730e230e63464242631152ef8,upx
a0300ef4281d3beb2da73c225d6b719f,upx
a072aa50e03365e52bd22fbbf24ecfe5,upx
a00b030b98b2d3262df347656fc3c4d2,upx
a02bca926b7ea805aff3ab9b390ae4b4,upx
a08a4c5d0e6387e08379ce4246669852,upx
a043bf6e3f3df0b8f8213a8569bf51c2,upx
a0643e913ee6faae7384a75b3b4ca011,upx
a0a35b1298f60109d6dac2f1d82025e9,upx
a03c4fb91e7adf47bd246c0b96f848d5,upx
a0474e0677890a1f5960d560a99f3d0d,upx
a0141a62e01908e7fd4c308206aa722f,upx
a03ef6bf0b9888efab97339ed143f5bd,upx
a00992eb9731de9bb3644b4671561c5f,upx
a05a899202dabb6d5aae586c82dc5b0e,upx
a07d8f8db753304fdfbd674bd9eaa01b,upx
a03a4b0a2d1ebc946d3837a6b3e184a7,upx
a00808d42ee37c8d890ef3c13b6377d2,upx
a01b02844a743d60346938810bd1d826,upx
a014c8ed3176a042889cfdbcc985051e,upx
a012534e951d7df0e2670c81ae6bda0c,upx
a08156f6c8e2311974e241e7c46313ec,upx
a064d8478fc936acdbf2089f5902e064,upx
a007528ef880de3275c9d39bc36e03df,upx
a03f7680881ef5ae316fc9c389be76ae,upx
a040536cbabb003bb1e62e6fbd274e9d,upx
a038e65e43006c7280c1232d37b7961b,upx
a0b16dd12dd63079e58a06b0bdc38a02,upx
a0938a3cbddc867e7b71e27264580dd1,upx
a07b6101c5aed96a1a8678c102b1df6f,upx
a00db886459a8151c30bf5ab9477362d,upx
a016b5406c1bcae83e340bb7abd298ae,upx
a0de176832fd26405b2514c9d36b7ab6,upx
a05b8c1c8dc6973ec746d596852fb0bb,upx
a025ecc653c39c5e65b7843a96636236,upx
a0300fd0b30e98a096dff9dce1e19832,upx
a06e73d8a7b8c66af93f176c73b7316a,upx
a02ff34c6f0c90d3fa6b9c5635ad7667,upx
a0367a5e30b11ff29b527dce29cd662c,upx
a0326b0f5c4a1eac062f56a6768d72b8,upx
a09467f0ed3c67d318af3e0d224f6fda,upx
a085da69f89cd4ac906514d276bf885e,upx
a05ee151d20b6235f882062bf59a1809,upx
a03353d0c1b2b06f0a9ab15eb72ec626,upx
a014c244543d9db69e7fc33d0ab82fc7,upx
a02f0b860c1ee71650e0cd016725db8c,upx
a0628f88d2b094751dee735b0f678ac7,upx
a01fd40bc96da88e09cd5d23d7daf5d9,upx
a05792560e8e4cc563ff062594c62453,upx
a061af489bcb5321fbb088ae0dc3afad,upx
a0946d91109fbea54f02d13c5583949b,upx
a03371ec2126cd058ca30dbb4a37573f,upx
a01b7f74a978e9800424c2c94f4c0df6,upx
a00d297c4224d38e08b05e994672eca3,upx
a0311949eeb45be1069bbb3e563f9f24,upx
a01659af239c007208b5e1d2181ae129,upx
a064bac48030f88d621bddb291bb1575,vmprotect
a0158e4cef1b6a0333996000439f1c88,vmprotect
a00e12fd88b2fe10c53a0cc6c988b27f,vmprotect
a04b8dde67eb07ff5a70841e87dd4da1,vmprotect
a00d7f2a44fffb768461bb08b15d85cf,vmprotect
a0047f45f5801ca6129a056057c16a8f,vmprotect
a0490eb1c00b50cc6e4ed4752ad11520,vmprotect
a00b06c23125e0e2b6c4778c48912b6b,vmprotect
a051342548487955c6efb80304c0d7fd,vmprotect
a03f4af0833e37bb87c15cce126a5072,vmprotect
a03c42a19d42fe445a0c9ddfa847a797,vmprotect
a02fcd047e89431f24f7daf5583ff2be,vmprotect
a01a4ce8fec01fb68d5103d84c56e37c,vmprotect
a05a3df89100dad74e6c35be51264ffa,vmprotect
a0013415240663009165765ea8790372,vmprotect
a088fa872fb765e8ef5fad20ae8190da,vmprotect
a06b847456b1c6ee38829630281d4425,vmprotect
a07f3d18635f76fe94cc20ee63618b61,vmprotect
a0007a8326ed877eeb374a4df6e5c0bd,vmprotect
a036fb732b73fd5ec8fa7a722d214796,vmprotect
a05375324b105dbd09500580db5a6102,vmprotect
a0669e303f24e8c21dfb63af37cf95d3,vmprotect
a06c19a66188c1710ec9b7e322e99b7d,vmprotect
a0544052ac0d4b0b2f0991a2d7bb7f0c,vmprotect
a06a0c02ce51d06c9db38e4c03b6f313,vmprotect
a0881783ed910736e83f43f740634517,vmprotect
a0bb365e35068022653d630b16c5edf7,vmprotect
a0174b46ab8e9376eaa3eea6224e1ccc,vmprotect
a02e6ad149ca9446fb4ec89069af0d25,vmprotect
a018ffb6328089da19199f9a98075cfe,vmprotect
a0623e79a6e73bf11c81aa1a4990aaf3,vmprotect
a05c669fdfd1fe5631298ec220896e77,vmprotect
a03797a469c34de194f934a05406d265,vmprotect
a0985cdbf3173eb8a20885e8d01690a3,vmprotect
a04a792223219874f91abfbf9168c9c9,vmprotect
a09191e714aca7a7614384fd06349d21,vmprotect
a000902d0eeb1eb72bf368bcd6f4ac77,vmprotect
a047c2e0a2e1388a55bff50733096dc7,vmprotect
a0029c72f55d1b1c241318879fd2f3f6,vmprotect
a022a0ca03e8898aeb0addbeb9d43bda,vmprotect
a0096bb544d574d89c9a6fd6c36f42c4,vmprotect
a03cdc13312b4ead4a32c642cc13497a,vmprotect
a012c3da62cb33f34bd3f5ef0296cb25,vmprotect
a0605c1d585670d977a212b856d50506,vmprotect
a039154c60f74f154b85abe48c131830,vmprotect
a02625ee43101a82ebf87b321aad1fb9,vmprotect
a04d973630f64b5d010c374e7a56c1db,vmprotect
a056776359fa81782b7fce09e82e2c37,vmprotect
a0451a9a6932c8fb60c5d0b6482e5e3b,vmprotect
a055b22f37bd8a78cbc4bd7a65370870,vmprotect
a0319d5c59597a9e599a0fcb6a8d627a,vmprotect
a01159c27674ac2a162e6da94bdf329e,vmprotect
a01d849a71d77529d9517cfcf27041b7,vmprotect
a00ab917432de8467cba92579e3d9b8f,vmprotect
a06a0e1b200e4a15451b5ad39a0ba41f,vmprotect
a05c7805c21130ddaeedcfab2285bbfe,vmprotect
01bde0268f4b8b66c1766baca60d95bf,vmprotect
a0369c28425b36f305e567f249704096,vmprotect
a028863a05e4757659f5b84d40536916,vmprotect
a08d602730b6ea7dc192b99617056bec,vmprotect
a00a4ca4899ec42c7aeac64fd8d7abdf,vmprotect
a01fe8a826178f9970d95e9d85ae4596,vmprotect
a03e6fe56116c21426b5e8accc0c4706,vmprotect
a02a843db3f7371ed024943b4ccd252b,vmprotect
a04b23f2f0488125fada5172a94fa3f2,vmprotect
a00802fe1e8206d7aede15ee1a1ac302,vmprotect
a05ab13749b783ca31deacc8466b018d,vmprotect
a028861b2bd173e2312df0aa4131c1a3,vmprotect
a029efdd259526c1144655df8dc84575,vmprotect
a08367c7a2fa3190f754f0b53e35d21d,vmprotect
a0141812f19462b9202ea3b205eddf8e,vmprotect
a0902147fa2b9c7964e95609eb63b46e,vmprotect
a057c0ede5965c466a8ee185c2596970,vmprotect
a0b3a050120b1d901b9769b3525f0853,vmprotect
a0750dddce889b3464e95782b845e725,vmprotect
a04f582577a3ac23c82d23616dace10d,aspack
a035e6ba3367489601822c427d75dd26,aspack
a062701516c341f0d2f7942251aaa992,aspack
a00cc4e26ca63426bf68b96a9530b541,aspack
a01b3f6f493bf9d2c1f481e85cd48cb8,aspack
a010cde5ab2e0eaba06d4119f71a208f,aspack
a02dd7c3eb04c51300643eadef3912d3,aspack
a0194e2b274534ef916866d3f60a246a,aspack
a041cc7b5c77aec3ad5ad760e17e4209,aspack
a00aab264287e43c35ebab97c19e8143,aspack
a05ee580104afe3f1fbe34b1360eec20,aspack
a03b0b72b1f29bfed3c29e0054aa14a7,aspack
a080ca3753af55aa2e695860e84b5e08,aspack
a06e636ffae5414d6c69c4652d10110f,aspack
a03299ab1562b8c0cc18c96a8e91fe0f,aspack
a006154f978c46780f83499ec4910853,aspack
a02a0e5675a47063549a02766b958690,aspack
a01db937fa6af36679dad05d91f5ddc2,aspack
a0092568ca6ca72a7afc1bd2f2ba11c4,aspack
a06f50a11ce5de24475ce8c76892a1f1,aspack
a022b6bcadabc5e0455ad89efea4047c,aspack
a03b45df703e62406e7ce01bc650dac1,aspack
a038c248931d6207fe02eb500d3c537d,aspack
a03bb8f1373ac76135e36e559a6a5b09,aspack
a04db55326ccb1d7004e9f39ebae722e,aspack
a0450eee396225c2a398e4249a572bae,aspack
a072063ee30c4227645508bd1dfd6c9c,aspack
a063c808fac0f9dc7a170e62a2b14d53,aspack
a005743c0e70d8342d3a81c95620973a,aspack
a013aed029bee569d7579e035bb7b431,aspack
a03b68c1de992bee0e4019990ad4e846,aspack
a03d52fc48732df71a1c66db8f053239,aspack
a065637c96ff5062b85fb00febb2f05e,aspack
a01d571bb9beffa8de44b71291163503,aspack
a0872958f3d77a916d990f3cbf783ecb,aspack
a05afeb4db5bee5e73359aae29677646,aspack
a02a199a7acb618bdc7c4f3edd322490,aspack
a030226e4f4cfc99ea627fa23a424d6b,aspack
a092c02e2b1cf02587cb467a87083325,aspack
a00a051ef29eb0bc430fdf494fb18ce1,aspack
a07df40f8946789bdc9f9f874131beff,aspack
a01237b879c6cd29204fd6333f1802af,aspack
a05e2f73488a755069add130f4d6d351,aspack
a00755b011c1c7548b781510e9fba5e3,aspack
a037cf1d16e70058de446c5fa7a10ba6,aspack
a017cacd046e913de7e2efefd3020897,aspack
a04057d574d1370e614e62de859d6a3c,aspack
a002738619731efa65ff22484c0bcbaa,aspack
a0380238286cb7fd1fa6d2a598f97016,aspack
a08bbb53deb85dfa18d5fb14f4f124bb,aspack
a0522368328ab8cf43a9df3050c90f37,aspack
a0694ae0f79ccfda4a17d9d8f1398e6d,aspack
a00f980383385f9df6fea6df552afb3e,aspack
a044d5dba586d952fba8e03ccbff96fd,aspack
a01a405cf4729f226ddee35f1ff4dd49,aspack
a0468e08b267d4e877cb918ca87c9969,aspack
a066dd20f832b1c68521a506f1a074e4,aspack
a00b782f463518e1b598a575301c34b7,aspack
a087154ee6448709bc56f59ae1f02c5b,aspack
a06bac14f56350b7acf3c9ae42682cdf,aspack
a01d213cdf0c1e5ec0356bb967e319b3,aspack
a0264604e67f1c182e35f7f834e668d6,aspack
a06fb641304942e01ce945e8f51c7aca,aspack
a05d041713f777aeff692c21cdfa0c7a,aspack
a03a86119be80ba485e5341395813593,aspack
a08aa9c0c1dd97887b8ee5d491fd3978,aspack
a04dd30563ba068eed77563e718b0a3a,aspack
a000c3fa34352a4672e573d578b796c2,aspack
a0776b6deee543e1f7c9cdf4bc1f1b57,aspack
a067e1e011f4d290eda2d8fbee91b89f,aspack
a07b6c5d2f619be728f2a2e47993e621,aspack
a00f7db84cee7b9183fa7a7420f5ddcc,aspack
a020bb7432ab20ddbe2c35201a819be7,aspack
a05dce62f9053168f03fe4190415ccc6,aspack
a06985187f9050b7198baf4ab5c0b906,aspack
a057cba191e0abf44b8fdaede8b35f57,telock
a0636922edc9668724c5e62b5e6e113a,telock
a0257e84974ffc4c4188bc70b663fbd2,telock
a01be711354213b68557a663f20a46ad,telock
a0438e607410744f9be0bb3e907a8aed,telock
a02a998f6e88084e929979ec40094ddf,telock
a040975ebacc9038693a26908dad7417,telock
a06b60c918aa3263506d8d489d87adaf,telock
a02d7d1cda561a0f2f59065955ad3743,telock
a01c0a53e948c14ed104450abdf044ed,telock
a040221e0dfe7c640266119b17bfc9be,telock
a02ff8a6c08ea49dc3ebe15326b927a3,telock
a07d34fa201b14a9c79cc36b1ad7dc97,telock
a06b088188678d2ab0743d2ed105b0f3,telock
a049ff95d910f52b3ada1853a6a1f0ef,telock
a0430983b881ff0e8103f3b0c47ff95a,telock
a05eec1d8c941fa4f066cc0b384744cd,telock
a01160fe604db05e3789ec7d0bdf0575,telock
a008be63e0d571e1a07a4d4f793286e5,telock
a0067a188d5901b73fd5a3ebd1750706,telock
a05884e1bacfb3b2e9663d737ae9f6f7,telock
a028c297267e0c8a261defcfdd94996a,telock
a0576b7f50c5a847df1617ac94dac920,telock
a07f9e63a64f615bbb30991389899b8a,telock
a0735c8d6097b91cda75e3b4a7a30c85,telock
a042f2ba43856552614f3d48258bc66f,telock
a03a43990e0abc060295754eb7885a75,telock
a04a4f4901510f4fe8dfae76d5eb989c,telock
a061214d5e1e557a8a7b3e2f4e460335,telock
a03747234376ec125bd46cefc9a290b3,telock
a030608dd9cd35711213441ac1fe9472,telock
a05a8d9d83b21fb15d2912fa9796b5cb,telock
a017884f6fe403d43352dad11ea472e9,telock
a0818f252dac1dc695e23eb35d8a78af,telock
02243ec58b91698e55eb0e15fdca310d,telock
a047dfee62680630daee29bfedf1d673,telock
a084653fedbd284d9f0b26f310afd91b,telock
a06ac08802a61a9fb41004c148aeebdb,telock
a0799b4acc4a25a2d42f4230dc4f2056,telock
a07972fb7a86debf29e6557a39160a94,telock
a031cb5f6ee850533b26b36b3eda48a2,telock
a08e10db8b3979c091609509bedbaabf,telock
a02c0f5702f9c802c46ffc883a1255a3,telock
a00507e3658205a024fabb66886d2c2c,telock
a0146db8b225dffd0fa174103520107d,telock
a0443acc5f9fe2516c60546cc94fa121,telock
a02378d1d1d82ceb20499e71ff50bbbd,telock
a058adf79f3ab68fd0be142f516a5fc1,telock
a04b7e9e3b1523e445b9cdac1e694818,telock
a034ed54a5fd5a06c323b4030a43dda7,telock
a0098e9993f271ae4376f277196adfb8,telock
a05273d70706a6b4f23fffdb4ad5d72d,telock
a05273d70706a6b4f23fffdb4ad5d72d,telock
a047152dc7efd6449625aea212121205,telock
a054b6b7fe94ec0d806f1ede34daa16c,telock
a0671e3a982e86b37565ae38bf2a32c4,telock
a0051f576d919746afb49f37305ad04b,telock
a03d13039c446bdfe16883218c709a33,telock
a0171f48894fa977df3c9ed0a3c1c374,telock
a017d8919f04a4407ac7819be9245b01,telock
a052997ffa9501f8988df5d70789693a,telock
a00aa839018d0abbc01eb65a2cf3e6de,telock
a03fa81cce88036c6a2e45531cf8787f,telock
a04bea76ab0128bc657807a6695722f7,telock
a04cc8bc8be1c626f2d11989f8ae7fba,telock
a05189d6fc4d2d4758a5e8f511fc7eca,telock
a041280bfe7da7d606a0ca11b6bf7de8,telock
a0530a71c947f19cd8da6ab117ccacb7,telock
a03d9a586b9fae1271ce22f8aa2c5cf3,telock
a0515ced51b624008046566dd1e680df,telock
a02b8b91761646957cabd5aeb89c19a6,telock
a0625e999790db31e48f19cdbf6919dd,telock
a053cc5734ba8146409eb01f31636338,telock
a003228e6d8d74fc1f446be70f844137,telock
a027b939441eac70f9d34f506ddfb727,telock
a00279d7b708b706bd0657255af89af6,mpress
a01e5ffac1d8e4f463f98286ebd9cb51,mpress
a045cbf6e8e73668cec26f34433787fd,mpress
a064c12f5ea0d5031f2b186876545a2e,mpress
a090321681f2f5debe4e426ed8ddf002,mpress
a00a7f2da63341385aeff1473554c45c,mpress
a05ad3e6658ce62ab996b76756644c5a,mpress
a01fb4b4e3f88cef8e130f4108a9db4f,mpress
a07f92a6014e5d37dc75b5433c9ae3a3,mpress
a07aaac35c794e266c7248a66be9e71a,mpress
a05dca9f811142f133bff24c7ba0598b,mpress
a054fe015dcd601d108f1d2e19755038,mpress
a08b65aa75a342dcfc1039313ab4e94f,mpress
a01ce65ddb350f36ba352cf2c3f55742,mpress
a07c1f9d34c80ea7031ed4347c89f1e2,mpress
a02445743069d3bd449d6d22f0e7f7b7,mpress
a0000e2ad57000a679a8b1f3b6144b97,mpress
a0534d7d5d385b76b6d5048ada1ca639,mpress
a03f7334bb4fd0a51445cce4c6d034cb,mpress
a039267e0581cf31d7575d93d36f16b7,mpress
a0576d1c4a96dc7e8af96e091d869f7c,mpress
a06708309b497832b27eb7e29b0cb62d,mpress
a04788194a20cbcbfff704566836b2bf,mpress
a07116dda027a55af86de99c7af868a3,mpress
a0488f7ff357e71aacb169f964d16420,mpress
a062e7688063b340ca5f65f43292a52a,mpress
a0471d3e8fa7dd4c691ffc98f4acc78a,mpress
a02c01592ccd7258f8b91cbbbaf194ea,mpress
a0526ea2e06d95864f84d0265082228a,mpress
a0437d16da3bf73d1fb04a38bf0fb5bd,mpress
a095c175dbc4fc08d2fe0baeeea3c179,mpress
a01c1e9deaa743ccbe8d01ef07c27f5c,mpress
a01c5d6beb49b655b41c36459181cdf7,mpress
a06f27c43e243a379aa6fe54b23f2b4b,mpress
a01cdc0d956e98695db6701328de7b0e,mpress
a03bb04cf6396625923c3cca1d8ce94f,mpress
a006b8a7e8c7aac8aded5c095018b95a,mpress
a0358d0ddc2d8660b4b4b4301d959b2d,mpress
a03aff284f81dfa2cd48314302ce6d4c,mpress
a04c9b929897231aac0d85d69ef9b0c1,mpress
a01df271e266dae89380b95908857ed3,mpress
a014b8bc4af4b994e58e94f0bad6f2d0,mpress
a07d6e4dd8e3ef2474ef402419d39c5c,mpress
a0325e2d200513cb492aff6c2f9e7a33,mpress
a02715896583fcb5937e403d557afbde,mpress
a03a63db6ba006e67925fdf18b52200a,mpress
a012211a5cc92c833795600cae02d533,mpress
a0427376e47131dde9694731d0b1e14d,mpress
a0870745e51c931f794aa8d0b4efcc4a,mpress
a016a9de32e4bd1090541788cc249227,mpress
a00cabe45ce45b4b70e5c27f1a4d7dc2,mpress
a0458baa43ebcbb7db2c38da9f9eb20f,mpress
a0722975b6551e06e7a611eb2e8e1d08,mpress
a04e0428761e49f34215a7b53013a738,mpress
a057c068841290dee20fb9d147a7f7c9,mpress
a057c068841290dee20fb9d147a7f7c9,mpress
a04d80e9e8f652b7b46793c75e374110,mpress
a0a386890afe8a564236eaa7ca557af1,mpress
a02116fa97ce122dc339b6225f305f09,mpress
a0559cb607adf112d2e824ff98556755,mpress
a055b5cd3b21a043d197adcc918e2296,mpress
a07853a779c7d031e2063fe475aa1982,mpress
a047ac0f08b562709163b39ab6d2f794,mpress
a00671d32bb234034dcbb6d20ab57e09,mpress
a07f4bbd49812ad228a10edbaed94ffb,mpress
a0712d2ba39eff0dd9e31735a6843123,mpress
a04140cb3bd23b8be4365fd06dd7b3a2,mpress
a03edc5b70bbdda49a20c9d73b37e9f8,mpress
a0275357b4283b37a3a61bbd92814737,mpress
a090303513fb58bae36781a1abce0ed0,mpress
a0a224c01b620532af5196002803db51,mpress
a066ea6c47ce189608404fb8f2f71083,mpress
a095547f9993b9b0aefccd50bd45d2a3,mpress
a00ce90c37595acf2007d00abdd5531d,mpress
a034f30aeb23a81bada9a1bea460cd69,mpress
a07688b6809626408d28a470623be111,pecompact
a079aea82f6bd39962d49070835ba4e7,pecompact
a05f6c5950f396a2fa847f924e8e59b6,pecompact
a01a188a59581fa2049d27c11dd78037,pecompact
a01e89a342e407cf22d289c8397da75d,pecompact
a032deac1a7f69434434990b8dca5b1b,pecompact
a035bfa2d900bb3943da67026cc2b60b,pecompact
a0118d521c4572a1c3f7cc5940ff3f97,pecompact
a0616c9fdc710ba80ad98c9aa29f0ddf,pecompact
a01e254327644849764da8d1eb1aa247,pecompact
a040df8db7eb5ee2be7b4e7bb28332d3,pecompact
a04ab98e4f1a0de1e12858fe87e4383c,pecompact
a053dd21ce46c6fecd5d40eaa09f19a7,pecompact
a0472c5ed4828e31fb5321f0127380ed,pecompact
a073a683efb4388f451a365c342ddc84,pecompact
a0163a26b1055fd108091bb065f21dbf,pecompact
a075fc9591248b7818bb591bfb473ea4,pecompact
a03f4d2aa40fff86efdacb02c8b8d104,pecompact
a01de38f0ffd40da7537319f99a4ea40,pecompact
a02af7d2c6827fac6995c97d1b0896fb,pecompact
a03998f9a4f39ed222aa42ef83a9845e,pecompact
a040408d2f2d3859a6a3f3b13e05060b,pecompact
a043b4b4e071fc46e3257b96243eb76f,pecompact
a057ec7f9df63e892f504751623130c7,pecompact
a007e2b056916b40e11a7e9f5341b0fc,pecompact
a0311a1991c11e133d8c5ab494927048,pecompact
a01bda21726ffb10cf7ef153ec0c6841,pecompact
a0d4aa0e01113902fd774abcbb291c73,pecompact
a00e538441103399eef709622e44a687,pecompact
a03b71aefd87d8b4f13570939b2f4647,pecompact
a03ee9eb888906e1cfd990aa1dcf1454,pecompact
a01efacecba984acef6ccba93b86a7d8,pecompact
a050b4ca1d597b0b7c280f9ceb452b9e,pecompact
a03d493eb407f110ed0f105e5bc63400,pecompact
a04655d5c9527b8500503d7348c760d0,pecompact
a003582370d81d3e456187bbfc49db91,pecompact
a03df64003708a439995ea286d7a0b5a,pecompact
a01e22aaeff72aca7aa50a61ee3d5165,pecompact
a06df14286418bcb59f4419ade2f719f,pecompact
a06df8a8d3bc216a75092084a2e688f6,pecompact
a0649fa3a9f8489a2231a27d3818a4af,pecompact
a01ea2661b33deaf92eb8ed9f394b260,pecompact
a00a85fe1af8a8e1cf35fd6cb15af2e7,pecompact
a04940c5d3ed75ea3dd5fdcb0bc35987,pecompact
a0a72368219a21759c10aa5e4bed100c,pecompact
a051f0b907198a6278e1e522e121e76b,pecompact
a0687651bd7007519f6cd9eddbd29d0d,pecompact
a027adbf324367e19271a09feadb0058,pecompact
a04d659bb7e7512ad8fb65962b79ad65,pecompact
a00d112db3970b997d514bdf5f0c1827,pecompact
a06255cf76b035a0031541124acb3a35,pecompact
a025f6f3aaa60578326fe2c5420aab40,pecompact
a08a07fb70dd2360dd6b475c18f204df,pecompact
a00833534839ed3ae4604a2560ae6686,pecompact
a00cd040f2002f2eb2e88a232211c223,pecompact
a0516b877c9483001672c935e6216ebd,pecompact
a01fa37e8b80f649e5edd393ce74d27b,pecompact
a06276ae14e430247cb422d776885168,pecompact
a0025a0128a675b22af4b0cc4e877655,pecompact
a01e45db2028b5b20116d37850e7cdcb,pecompact
a03b7f38078426c5bab540779c56b406,pecompact
a09212990a77d129b0b964308378c1ec,pecompact
a06056ffb8615a9afe9ec0d49ce4377d,pecompact
a01cd3e85279a96f9f097ade06b876d0,pecompact
a04521f6916540f830ab75981a720322,pecompact
a00327a36801ccc55cb417af97cd3694,pecompact
a0388781d9c6b96928245547c84fa3b4,pecompact
a0393ed69e63c8032d0d843082438764,pecompact
a06999bc67defdc93651bbd9f2e37c12,pecompact
a00686f879e7ba44f81af0947972b4f4,pecompact
a0600572912da09e360ca41bbb8c2ff9,pecompact
a064d4b5c6adb776cbc445b073f32f91,pecompact
a069d1fd1a8cfb7333136bf863d4be70,pecompact
a045186d948835ea97e088379eb32e8a,pecompact
a00a08e933e8a0288a4ce865f63b1faa,pecompact
a00aadc09927c983c3ab5d8ea2668ef9,kkrunchy
a00cdc4427d1f60a61ebe87894c67d17,kkrunchy
a02382131e677bbc48355357c41dc14c,kkrunchy
a02c6eb959b03cfe0c1a18d7328f9dee,kkrunchy
a04b8ce98555595d95b02e996b18cb14,kkrunchy
a0676f5300b1ed477259f464764089f8,kkrunchy
a0161ea74020a2c81f46aae0fc43ea55,kkrunchy
a05a7a47a36f643eba399bfbe89ba049,kkrunchy
a02f4f7192af186d96e06a8485c3f946,kkrunchy
a0169d47f8b3463d8d62beb147e28a3a,kkrunchy
a08c87627c298f672e2761034417c249,kkrunchy
a0693276929728037014a00396ee3c0b,kkrunchy
a06143b1f97e7c72756ae42e622dc62b,kkrunchy
a07ea2f90aaa4f77c480c5db6d407d49,kkrunchy
a025b27a3a779f3bb57dce91a2694006,kkrunchy
a054765734aa8ae36383129426fcb107,kkrunchy
a00100377201f20df2be7c266fcf054a,kkrunchy
a03fb764ae098c41282679ac28173bb8,kkrunchy
a044a2cd70f965dc5636d7bf548e2b4b,kkrunchy
a0644b030e993926c8841bc964c7fed3,kkrunchy
a010d8ed6ae9493daa8420be8bdff7ec,kkrunchy
a05f8b6154e538f5baf153c51fce814c,kkrunchy
a079ce292188432621f1ed5246793e0e,kkrunchy
a00713f6a239d3d19c848c90ff8e5bae,kkrunchy
a070fa68f990b61a32b40f993d719e3b,kkrunchy
a0223ea20c52997291fb53544862bd2b,kkrunchy
a042d9d528e2e1551592d24dc2a72402,kkrunchy
a00c02819deacaaccd069d663b4e194f,kkrunchy
a01f4381dd014f2acd863e7f7c636b19,kkrunchy
a058f1d42907af4a53576011ae4c7cf1,kkrunchy
a005bd12fa24851b869a0d66d9226b51,kkrunchy
a0482fe8e36de13538a23d435fbdcdc0,kkrunchy
a05058b8baa91ad7611cc0ae82e88b6d,kkrunchy
a05920777a1fd2bbbdae4dc3a56a8730,kkrunchy
a006661864e6ccef7848ed7bab1de037,kkrunchy
a012b9a70f7b1dec48052636564a451e,kkrunchy
a01667a4af3604700b723000c8a2b9fa,kkrunchy
a018feda91a8a55754186d19da6ae311,kkrunchy
a072aa270ac68c2b03df3657c5ee0dad,kkrunchy
a01ba9366b5165a25fc887aa1a468581,kkrunchy
a02b794c90d0d18a110fbfdf7fd56f90,kkrunchy
a00cd5146afb0877a11322afb8a4120b,kkrunchy
a00ab0fc29872768162a5c2fc7f9229a,kkrunchy
a0a9dc0e7c6a5c4b113f778ee9c5b31a,kkrunchy
a060c49195e88dd86d20dcc985c6120b,kkrunchy
a0325a7e43457a8d454f9b3b8fe5f596,kkrunchy
a06de6387a554a33b6bc964a44db3058,kkrunchy
a029ad77f8d28347ebea64dcc8450cb8,kkrunchy
a00fc8d34492a2b8e93e5c7a8564d9f7,kkrunchy
a017f9b4603062d51f9029e099e2ff92,kkrunchy
a06342b40e56f590132690186d8ab649,kkrunchy
a009e78367d7743beb3142b68f22d3ed,kkrunchy
a00f9800bac053f3fcfe854da31fe87c,kkrunchy
a00b5d5e3e16552421e2f5457e1a6b68,kkrunchy
a046968e587a247d9f71de1e7d677c6f,kkrunchy
a021a378c69eded22a0d728196ff60de,kkrunchy
a028df4280fdbdc89d2f34b4136671e4,kkrunchy
a01a3896cdd41c47c738de9497396397,kkrunchy
a041736ed033c59c6e7d6ad0b014eb46,kkrunchy
a00aaeeb598775b1f5e024a5b593f29d,kkrunchy
a063b3334f2854d6d2cbe27bde0104dc,kkrunchy
a05e7440c8e92776d5427d8c77a40d74,kkrunchy
a00e2b4d872eb4ce24da3a79b9d3e0e3,kkrunchy
a085f39565dbf0303860dd8cd44c46a6,kkrunchy
a01812182cafae0156fe3ce34d8e4f6e,kkrunchy
a042944fd91142f2eca75e9e97a51981,kkrunchy
a08c65bea5ad3f77b8fb7ee5a776807a,kkrunchy
a09aeba18990b744b9b82dbb2cf858bb,kkrunchy
a079f486ff00d40635d64da2525a6147,kkrunchy
a05985521ce9d0877a4c67db1445865c,kkrunchy
a030fdf6eecc225c10d616bc83957431,kkrunchy
a03c9702484b19b54ca8c6881d23b011,kkrunchy
a00034230fb421e4c51baf2f26e34f5d,kkrunchy
a03190dada5f3ae6a939b7d6955f6398,kkrunchy
a07247910d1acbde8ecf942d1ee19c7a,kkrunchy
a04553e477a4668e32ea0de5fb326b04,stealth
a06d618fdfe6a90a7da9b54b6e6893e2,stealth
a020c5d2599a9e24570a72de4a6a6758,stealth
a03f62e5dce404861d20e52ffb9ddf59,stealth
a01371608c45363fac422a1dbbc9bffc,stealth
a0047d2c1b222fa507ab9b0806116540,stealth
a02558bc85ce43cc95011b2a9840e4f3,stealth
a006abb40725033fad01974bcec80c6a,stealth
a0603660b4bcbef70a5da8e307c7112b,stealth
a03169af60c543b5eea534517adba4a4,stealth
a0194c96368d935b92534adb8a887d29,stealth
a0125c974cdcd9c876faedff99a411af,stealth
a018bb1d5533d20f6fc193e3b4ce9ae8,stealth
a06aaa85fe0a033cb45cebe6480817fe,stealth
a079f8787d06767a0690a171acea75f8,stealth
a03ec2c2d02e3a58a0da37a5a4915334,stealth
a07ec902ac0df8a9461410f965af8c3a,stealth
a07b75541cd7489d6bf024ca48c41094,stealth
a051e88030f1583b014c42a7e0d6ed7e,stealth
a06f5d12f7365bbd9383f4a0b3b9b230,stealth
a06f3f03df7023a10cf8010ebd4f07a1,stealth
a00039e5b7de3dd011b0bde1d4f56a71,stealth
a047c03e6ba3f6faead19b32c921944d,stealth
a03658ffc5437629354c3df02bad68c3,stealth
a03658ffc5437629354c3df02bad68c3,stealth
a04308b4551f6f1b9e9a8f3792903bc7,stealth
a0551573b63b51c023e5600e13ea0201,stealth
a05e5e294b9bd7b434709a98ed1c32be,stealth
a074b45d54066289b99b09701f75d12d,stealth
a017b42c6f36cdaf00bec36cfcccad24,stealth
a01734d5ef9cdd00a7a93b143374c542,stealth
a021df1ec79d8e53024a4a2ef337e0c6,stealth
a028f0fa6dfb7f1fdaa3ccb78fc198ab,stealth
a04ae56b3ed065e0207b3212b9ee666f,stealth
a0522937ec744a742ebf17502f7b4021,stealth
a073022d735e8cc2ea1ae3e2e434714c,stealth
a00885fe81012a2eb23ee61d9be5cc75,stealth
a0210479aa47e38677b61c6b06a1c264,stealth
a037bef80c5acb44a6087111e59a7bf2,stealth
a02d79ec2fb959b534422c2e39f45219,stealth
a010d4af0bfc5dc75fc824a636489fc8,stealth
a0323cdca6d30a2859471827f55280bd,stealth
a0289bae44d7534be28d093882339a36,stealth
a0b4b01c88c6f2bb1f87230046cd6311,stealth
a0549a0ef3145e2128a9ee0612777aad,stealth
a012c51620ebc320f840410ec22244fe,stealth
a01f414a7b7ecfb7324273033e88bf5c,stealth
a04abf85b804c329e874db93c7ed95f8,stealth
a008d83d4cbbb2b88286a6bf895326e9,stealth
a06c1415a2ec2f89211d189639f24626,stealth
a00a0df3abf77c2f26a866e9f154c6b8,stealth
a0665788bfe2fe878672916b241ef034,stealth
a03cdb4c0cee77b210dd474b18572904,stealth
a00e6fa38ec121ca1ca2c9293c51fc49,stealth
a0590a4ba0f888cfeb398f1a5b4e4aec,stealth
a08ca64a3cca306e5b701af4b8e207dd,stealth
a0043b76f99067a584b0d6a7d0ab8203,stealth
a016ceffd7963abfce21580df1d08d09,stealth
a056c7478890144eebaad55ca208f888,stealth
a0390a1e577773e1c4aed8f0e5c918e3,stealth
a05108947a3fe4bbee9db30542836c04,stealth
a05e4d40e0f74075ac0de96d7579e592,stealth
a03415cbee01bca1a06e441621f069a9,stealth
a02f8eb3c4a072e27f832fe5e82b9373,stealth
a04c27f45a4aeb44f9b40fa89b75bc08,stealth
a05b71ea0b223163ed468c5339a7e881,stealth
a035aab0b2ea631442eb2b76a0ea3c32,stealth
a079ca19dfa9482c865e3a56c5cb4b7f,stealth
a01bcd4db78b8255e8594bc33783f7c7,stealth
a00936e7e824e007df0f0d751736435d,stealth
a0304b26a653ea6edcf7caf8a8f58605,stealth
a0adac0597ab41136f2cbf935511d482,stealth
a05b2736ddeb8fd955f90a47ac599129,stealth
a0158fe9a2e05767003090557dfd4fcb,stealth
a0582d0f1f673ded48381619cc806d06,stealth
a026236d49cd02749e6e6017919968b2,enigma
a020fc600b2b40def1f7aab5412e5742,enigma
a07721a85b5971ac804518b26344a4ac,enigma
a04616d932b1759aaeb10facbdfeb429,enigma
a05de0e1282c21cb7c83e507ddf9a4dd,enigma
a0688fc8439cabb1610cc7068f1e580c,enigma
a035f60d82f4276d79d69b525f2c17a5,enigma
a0019c671d4bd3b48f5ef893bd4840ed,enigma
a054c3afc235cb1090462cea5b65c64d,enigma
a01e3bb7515bcfc83640d5c50126ce82,enigma
a07d9b6cf5b66240ec253e631d7428f9,enigma
a002ea63971586b6bb3bbcbd5aafa98a,enigma
a02c09d24e3e633443197ece5388d23c,enigma
a04afb4cb08d7875c1c238458f68bb3f,enigma
a05d5a3cd528349ff9617fd9a248e195,enigma
a01c2a0ff843a7ca94ff6790163fef42,enigma
a00dc3a0ad78e2f80ae4c40a2704d0a7,enigma
a0070ff3ca5a9de905b59bb99351cc92,enigma
a01fa8f6a79128a6a6a14da8ef60293a,enigma
a0398fe13ccab93131c8a9bb6dee4be7,enigma
a0b329a39c1027982c653eee5d5f18bb,enigma
a069a39a03e2f230e8c45554dbcd65b1,enigma
a05394090a0f38ef6ff7b4127e7b55cd,enigma
a02555575a4aed3362470ab594ffc7ab,enigma
a05de7f6629b186928c9d305e2108764,enigma
a018de12e78b85f641f0a62f84289740,enigma
a0231249ccba4f15b59dcfccadd23460,enigma
a00843b7354b89a59f1f21370d7e7939,enigma
a043aec31d1afdf4cc46944acb57b346,enigma
a04eeadfc78d6a8fbb110dd81024903f,enigma
a06cef60673cde30da6a781f51caea43,enigma
a04e5e1ae206279fe9f49ee3adedb826,enigma
a087a46224a8f52a974b437d139cd11b,enigma
a015d0ba178416e4b56759c023bbf2ad,enigma
a00aad7b1827b931f9c1c66a9308058c,enigma
a03800dc7376b5b2c84e42d1b260fe89,enigma
a01d257fbe5267cb90f6ef654b060080,enigma
a082debea0dd6a5773844107e4add3da,enigma
a04661016f9fe34979b8ed8f41d58a4f,enigma
a06f659f4fbbc0f3ae258b45ebbc0abe,enigma
a08ac6e78d5bc290747909a8e46d6965,enigma
a04b236561599627c4e095c99b0bcc70,enigma
a04b236561599627c4e095c99b0bcc70,enigma
a03a29e89461f7f3d3a0bb84d2a2bb7c,enigma
a0041615396937abd8dd40a7e4d77355,enigma
a0bb87c502bb6b1033e81318658547b9,enigma
a055f7d9f3ee758e9dba9b9df196d66c,enigma
a022c5d4b28cf5b1113ed6ba34728ef9,enigma
a051090d739f0b3fb3be6a4349613e82,enigma
a0570deee726a7d2d605b920de4ee694,enigma
a04cb42fb1625637f3f22446a7ca5ec1,enigma
a081ddb3bb6052098cd897b526d1a246,enigma
a0383d0c71cc902622d1d52ace87c8cc,enigma
a07e80fd3e1181208162264209d2253d,enigma
a09183147aacb10a740f57dfbfdad776,enigma
a05e1c0834ca1d6287277fd1af9286bb,enigma
a075fb7fdf41305821be9e6796b1c97f,enigma
a07fa3a5b732cab9dcd66a95e105b68b,enigma
a023406accaa7fddabe7aa4d3bed5a0b,enigma
a054dd0ff9a620eca23e52e6ef417824,enigma
a038ddf75e79b6804e3e4acd09078827,enigma
a04d882753b4e99b3eb15c42c6a78d11,enigma
a06d602ab5aa907b3056153a8cd4c347,enigma
a03eff8915bcca95360f29a9752d8095,enigma
a0447c1c260947839c9d9796420f96fe,enigma
a015ef53c987f1cd6dd8b09b01924126,enigma
a068e4a5a4c9e93a038e9f606647d278,enigma
a0028e9f88ac928b6e39d9642942ac50,enigma
a08d7214680cd02b5dd1e5f8749223d4,enigma
a040657e5eaaa37a015dec7029cf9356,enigma
a06b8cb2c080af319061623d04a40731,enigma
a045f3fa3c6aefa43d449ef2550d4e98,enigma
a07202c4d88335325aa5228153b6f968,enigma
a01505bad5cba71ffc2dbb11be9c206d,enigma
a0212f223da0c18d7f28581d56210243,enigma
a02e21e6bd420566c7c66a6e06a17e7f,pacman
a08671590330f2863d3dbb52fb14c413,pacman
a001958cbfaedbdc478d61e26f7079ea,pacman
a04e9cdb7bf633cc2b4854569208101a,pacman
a05c6b854e85cc0e87022aedf627dbd7,pacman
a00c09f7b52ca53f502d88cd19fb94e2,pacman
a04f8f82fa77cb4f60fb744c81d77552,pacman
a01eba847815785e63c1ed6361ac3330,pacman
a06c84944913418b808824d1b68c427a,pacman
a070ce4fd38fe2725f8fd17b6fdef4b8,pacman
a03baadccbd7c3e0f5abd2e8e0208b30,pacman
a00fc9f0838aa5ae16ecd39def687d0b,pacman
a00724f4c414170c892b019e6b7e5dae,pacman
a053df9ba1a52228ef63630681b7db26,pacman
a092d93d6012d6cf177f9911cf49c774,pacman
a02839a9e7358a3e29811905a82772e9,pacman
a0050bba3bbc284b191588ef9b1ad437,pacman
a03009d4fde54df699353e46053a7c83,pacman
a00b90118d53730badb8a400df9476c6,pacman
a0300a8ce98a0dd2475415ee5e6f11e7,pacman
a01a82511f24c4538a9272d7acde6bd1,pacman
a03028c3851a03ad803a73c7e1434f23,pacman
a053d92affa6867b23acf74f83c6bcab,pacman
a0918895b3cc26fb5025e5948edcd3b4,pacman
a07ba6d16aa0f5e516b8f26c91c09246,pacman
a01c99309753b0879a7fdfc0ca1b88cc,pacman
a01cda027e4b6a992112db966bc40a00,pacman
a051a58b41adb53b81edfbda22fdc1a9,pacman
a0574e0c4f9533972129c79ab015614f,pacman
a05584c818a8bf77324c2cdc9a95dc97,pacman
a08008f1d24597adca88e5a4d07f428d,pacman
a02ef539c8ce3a546602d1cb2f53a582,pacman
a0276d01fa521258f9e1d24c9cf7c890,pacman
a05d434f5200d74181b8e8a7c4c6a20c,pacman
a03309721e225fe919b55114e2c6d80c,pacman
a000f939223bc3c7bc12dcc43d9b9480,pacman
a01e70bfb1226d851df083b8f28c0446,pacman
a0707abeae47f4cdfb4f529b193d0d78,pacman
a083cac9681058f9dd2a96bc87a668d3,pacman
a078633d02c46bb7911a78bf04e18815,pacman
a06cd3248028237385ee38667351f07a,pacman
a062ead5e0c5ef4575570df953fdf8cb,pacman
a07ea85db9f7e80c7224cdc2b40ef62b,pacman
a002afe424aae5406587efc0ad5a4061,pacman
a009cc02a5e4c12dbb2bf51c4f0067a8,pacman
a0422a81187b94e20f8d06826b270669,pacman
a0123ddc68d6d6c2edbe77bc1b3e9552,pacman
a02e4af810333120963cf0e76face107,pacman
a03d23243a9b7468407522ed59ef51a1,pacman
a067e5ca8cead4d45cceebe449112397,pacman
a04fc9e9e1628485f438a6d1896c8470,pacman
a06076bbf7573048fc94f96d916a8a21,pacman
a049959db4a83ca00018ea359dca55ab,pacman
a02bd40e8ed45c60fa8f1819119d3bf4,pacman
a06549e050e0f931accc5742beda03f2,pacman
a01f46c88c3c5ba617e50982ca9b84ed,pacman
a00c64aab04364d6e9dfd3bd6ddd775c,pacman
a0328373b4bba7df55506b7646d53c28,pacman
a06e12947dcba600ddd454ad52342318,pacman
a036df23d75a9f5d5cd791db975497da,pacman
a0286389ee418019b6f0963903de543a,pacman
a055c02563eb5d12c2cd55592deeac87,pacman
a008bde55a05962b6233318afeed4e92,pacman
a0a9ba55caa398f1d6089fb5da250451,pacman
a05c10668506434518bcb381ad2b0297,pacman
a077ff6ca0aafc1deab7a0467af13998,pacman
a0477d79a0a8fea53bd6df0d68751da4,pacman
a002643ea7dc4b5f6a0a5d95dec06996,pacman
a04b152d80c8b94ccb8f1e0df1501172,pacman
a069b2b59e937ea388f90c6ca440ef58,pacman
a0353177826239de40c45c24e8bbcb81,pacman
a0212f5a61efdb092382c7316a30087c,pacman
a00e4e27243e7fe5540b5e4f3eb117a4,pacman
a01b49de1e012ec8db64fd13e81b5a87,pacman
a01f969d1bd40f8e1928508227eaf287,pacman
a02f4e98cf225307d4fcc20d53d5f9ab,neolite
a0516eb2e21b3c19f4c85ba4cc7011af,neolite
a04e3f4e04f22c153b1060efb445ebcb,neolite
a024ae8defbb904e62552b3c66895df7,neolite
a054592dd64d2bdf5056ff18c50be9d7,neolite
a064ad0dcf709c14b21927b9ddae216d,neolite
a032c9a7a286b3664047be4cff381500,neolite
a0243409163d7d6bf6b2659a94e9a8d6,neolite
a028fbefa3ce5ec1615a29e0555c2452,neolite
a0259b560e77622bf0210ebca6946711,neolite
a0146d4c05ced80c1f5938e4f47f8104,neolite
a00ef0af6e3a268d8e73e82d1ec93d61,neolite
a05d7f5ef000ee0c6c6bca7f8b7fd811,neolite
a06ec184f1d3680a54be1271d91d9371,neolite
a023b9c7ca85463ab12057e9a4375ab8,neolite
a057cf5b6dc779f383219106e5c9dd16,neolite
a0688612660976e95dcf9e9e27eab07e,neolite
a0452f17157f6e6f319274cf09744904,neolite
a0358b7dad425fcc5d91ef6d16fcb46a,neolite
a02b52c47cee106f6de30685d1d2c646,neolite
a01d91f2fee714ad4a1a8de212301ee0,neolite
a0768ea621bea3e88ed6f05b4c3e648e,neolite
a03cb8ee3c2bd0148f2136197f28eb05,neolite
a060be06de7c2f76d63d87f072bde21a,neolite
a0134ea10296a3f3c057b866e5bc7b25,neolite
a06d9e6e978a6524b26b5f43957892ed,neolite
a015247c546acb183b3deaf471d66fd8,neolite
a031a6eaeb8c5e58586eb381d4ac8f60,neolite
a05d2c0cd2c53abf33c88df2e128a32e,neolite
a03a5933e6af5007d72f4cf5e6adca77,neolite
a07a389c9dc97bd86c8cc40fc9c185f9,neolite
a0188ca308b56df238f3cbc08bb6bb7a,neolite
a024feac6e9f133a48544075ca0dbfdb,neolite
a026392ae0e1569ea59eb3330ef68ba5,neolite
a02dce84b157c11e05f2c33183c53891,neolite
a05354c0242a1ce8ad59187205961678,neolite
a072c63111add2de95156e3e37fb3218,neolite
a035e614f514c6b7e8746ca91efb8e8e,neolite
a04ce1d9cee4e4714145e00de2f9ecba,neolite
a01346cb8e90aef19937164b69f38792,neolite
a04f4128d5d3eaaa56b4a420b35fdeb2,neolite
a09eb2db7d68af6443a892329a7e6163,neolite
a047e10afb40f25014f7561c617a7f02,neolite
a04e78b80e7ef664de1ed53dacdd646d,neolite
a027d929801161e9eb5a7e3b1fa62b50,neolite
a01fb2e756fb5ac1883cdcbcefb5ab3c,neolite
a01a7333cd9b74ab8eb80fcd7d6a6fde,neolite
a0237f0ae1d070b9b1acc42338b25203,neolite
a0185fba2aaf87cf3df50cbdf0e222ea,neolite
a017c10d71e5f744447ac88e38c207fc,neolite
a036ffd77c80ecf127b92b11f30eec94,neolite
a06bdffee7ad7860c821dc0e4f9504d4,neolite
a05492df790bb18d7b4a7de963bf1f11,neolite
a03a1e3704b347792317d6f758cfd816,neolite
a01386947714ce247e58366c35a3e38f,neolite
a024d6bfc79543e23f72917ce6570a89,neolite
a060e8f50e404714a1dd54e871d04426,neolite
a044eaee02c828298f8cb4a6dde1c47c,neolite
a08a013856840086c85530d5c77cc8fb,neolite
a0127e5bb218e400c4bda0a48ba61116,neolite
a03973a3386e3329999459fb10f84a94,neolite
a024f038366abb9ba3719b973be09251,neolite
a075290dc0213ddabfb1d34133ed63c9,neolite
a007e238d0a7be515bae0ba3700a118c,neolite
a01f9cf7088c0fabdc8efe93a0125ace,neolite
a039192d313155686d4e487882a02ea1,neolite
a02e6634b18a8e1b68f806a57786a687,neolite
a06b433ab2d364cdf950b19663d0f805,neolite
a05c740c80dac9486ac734bcf8d9bd94,neolite
a05e909a3b5171e9adf98fdbdc251186,neolite
a011e234d92c1ad189f732bf5a22dc06,neolite
a050ce642d08b48f4d1081858ef39666,neolite
a08f7897f4c6bf53e5d612f0239eb657,neolite
a06c34116f52692ac41657099a6f26c2,neolite
a08a371173b3447d2565698af6ee07c0,neolite
a0340c2f1e222fadc97ec17c716d65d0,armadillo
a01886f0aa71e8afea24430caa3ad9ae,armadillo
a08004036bdc7f44b0faa5433a023ab1,armadillo
a08004036bdc7f44b0faa5433a023ab1,armadillo
a05a6c451e925482ee88646e2ba541d6,armadillo
a017af3be02ab8adc1463be837b67244,armadillo
a07e45dc71ea084e5942d465ee400ebb,armadillo
a00037e4a18935ad360dcfdb0e786964,armadillo
a032d0213419c5f0d22c04db21e7b8dc,armadillo
a003b4adb4e1eb898bd2ace85721ddaf,armadillo
a003c98619bcd832a0b340459e63ccef,armadillo
a06aa51f6fca5406d39cea497fff1e45,armadillo
a07985fe6098dcd169b7f9ce23a15446,armadillo
a00d1593f4cbf85ee6e23615fa9144e7,armadillo
a0648bfeea5f494ced5d1145f8279200,armadillo
a05ffa58d3749d9b04bd8c8bc07241b3,armadillo
a01dd5fc571d250cbbcc5644c1be98b3,armadillo
a032d8f1c33ef5e2eda2b572ca152e71,armadillo
a03a98666dc48b9a6fd720941ce6faf1,armadillo
a07b8ffe7cc2131d5ffd657821f701d1,armadillo
a021886871e9d5db022d6fef7f44991e,armadillo
a0630ba04ec0c09946435e8738ff354a,armadillo
a036ff5513ea07a896e216d514bf87fd,armadillo
a00addfa4e61b4d3efb7028475ebd8e2,armadillo
a0156a052b404535b927aec1d0368d0a,armadillo
a08d8d4b7372fa703a4607315eee0edc,armadillo
a049d45571578346f2af46233a92c7a9,armadillo
a02a5f9ef354ebfd47f3c9f3b41a3a5b,armadillo
a09edbe634d80e9da8af1c94da9e7da8,armadillo
a00311adc940742ca741bd86fd30e906,armadillo
a07a6121614aea2b46bb3da02f288d65,armadillo
a05af755f1721a8134a2b3e7f0d0e3d7,armadillo
a05fd8ddd813183e30e5acb160520b0f,armadillo
a00286e4b7b3800ccbd31c2a15bd9116,armadillo
a0556d554bba3746a64af7848825a0f6,armadillo
a03a27b1c8809abed457dd777bbc6314,armadillo
a070f22a742f10a80446fc85010cdbfe,armadillo
a06baccc4340cc38423e83b206d7f82d,armadillo
a06d1bfebc9fa5f02897e1ecd7b1502b,armadillo
a0224f14127588473028f8d3d73a6bdb,armadillo
a048d6f056e5b346b7f83a671498d6fa,armadillo
a01b0342a2054c984cdfe63dcbecd834,armadillo
a09d825fe4c469f7671a0c466e7da20c,armadillo
a026cd64a5885894049b9ac09f79e686,armadillo
a038787aa323e8b6a7e873b1c6e0f1ab,armadillo
a0560fc6deed892d80bdf639da22f9d3,armadillo
a00b7f49b77f1f0af393cbd5e61395dc,armadillo
a01bb1c7e4d90c99f7c874770e37c448,armadillo
a0325f944c7608468f6fd81ceeba18eb,armadillo
a01432799a9e25fc5d101bf48565c725,armadillo
a002ef87c8e9612403be7f50ded056ed,armadillo
a03ec43315f241b73417e522e6ff3dcb,armadillo
a0066b61aafcf3d5c117aeb54bc3b9a0,armadillo
a04f538353708bd61737712699407f3d,armadillo
a08bd8367685dd69074763297843015e,armadillo
a02d87b984ec14a64d41450f5729449a,armadillo
a02726e31fa055cd4aa637853553e4b8,armadillo
a034014d392af90e8fef5169f3cb4640,armadillo
a031cbec6d0e1fc418e1677307b738ed,armadillo
a00fb92ca76f765e6626ea18f4220850,armadillo
a0367524a1a175596e47b55043ff66d9,armadillo
a011ff133eafc9ccd3473efc80ac37d3,armadillo
a05aaf69d174dd14aaf8701457aa9849,armadillo
a084f4a2305581e784c793390daec867,armadillo
a079e563616de17b97d7c8fa546569e5,armadillo
a03c0666255e18fad6863a6e39852a10,armadillo
a02f4ec4d7d7e4a4a19f0b24cc14ec7a,armadillo
a00dfcc8fc1863dc00c374bddfd79e42,armadillo
a00af44773cd64265810c386f0452cdd,armadillo
a0896d159a200070f39e8d3afb8c4f08,armadillo
a03bf13bd931b91b288c9693b6c9c155,armadillo
a05f99bd045ee70f023052758991c433,armadillo
a02b4f17e520e1af2d45cb7a8979584d,armadillo
a06c3fd804f0fe9c3be55dc4414abd3a,armadillo
a012854f7178167835fc4a001d315382,armadillo
a062bd34f297dc7b1e76abac16e2a52f,nspack
a0672507c101a2e2b7c97481badecf63,nspack
a05b68fe41e5a1316121ab4bafd07f32,nspack
a0699999c57f6c20818a3c061f6d263b,nspack
a0828ff16295c6cc6b4de946f58fd6af,nspack
a07facd2f1d96c537c348dba4860ad44,nspack
a04e57b1ad1b263d3c0a00b2ac3e3e53,nspack
a0441ee09f1bf667fe6d0cbd98193117,nspack
a06aa83e81d2c0007e908ba8d26d584f,nspack
a05b450cf5556aae1eff9e538d006742,nspack
a00a1947923aa0e3de65e1ddfa7c4f36,nspack
a093b470af84b8b4b0561db6be1d0f90,nspack
a001b35ac7f9df50e6c387c749c8646e,nspack
a02492a957a94299fd09143357b12f4a,nspack
a09dd49da2440ec937efe1be7e2ddc7a,nspack
a04f76d1ab7629118029144218c04140,nspack
a0450589f9aa02df91b0cecb8f41f2f9,nspack
a0642f1592af0f36d3ba5a5fe94623e1,nspack
a0a856f77a2bc8a099fd9dd8019279cd,nspack
a0b2408ece49e7b73c320bd9eefc2993,nspack
a03dd0226eea171cf12bacac031cc6fe,nspack
a09b895353718fe9bfbc98a01f498ed0,nspack
a01131730325ff86354d06997955a4de,nspack
a019ddb5af27da104ee25fb2eaa50839,nspack
a04ab78bbd4e543a499dca3220b8cdd8,nspack
a0170f9dab9fc258bf97166b0af2a0e3,nspack
a000aaec9c5c2f8ce6c87bb02b8a1900,nspack
a023114e89357bc477fa9dbb5542b2b4,nspack
a040f167f65ae3183c5eb5dad613742a,nspack
a01ba9fcdb22d502ee6fcd188cc995f8,nspack
a01f596241ee98b2dc0bf4f1708b9cb0,nspack
a05fdc45f31dde0c2873a061f16e0230,nspack
a09c0b6d0b9ef1e94c0a889bf250a7fd,nspack
a08c7320decb69b772d3f88f86242df1,nspack
a07f64e21e893d423a33ed9bf1108fa3,nspack
a016e15f0e3c11a70f11edd0e5acb704,nspack
a070a2fd67b7660e03ed37c15ee4ed6b,nspack
a0798df62496ec834d35bd30ab60b4ae,nspack
a050d672c6fcc474dcaa2cd321312e5e,nspack
a0027805ab2b906c28963fe24c172555,nspack
a02c7e5cf4efbe0742a10f1b9300dcf6,nspack
a0360505eb869d8f417eea891947f234,nspack
a07210d0c041d88f1c530e5b3c5e4de9,nspack
a0351e681be648977d1a233d3ade5435,nspack
a0ed8a4de5a49f981f3c8bd3c057bb22,nspack
a0cee97308077ceb1c755e3b8bfa1433,nspack
a045181913e24535673fd977ccd3ab30,nspack
a09e17e390dfdc2a6ff150208d0d792a,nspack
a05fbc03f9d73095ffe17a09d32ef2d0,nspack
a039d233a5f862d321063b5e364ea5b6,nspack
a0297e94e3654b83ef98dd9afc2f170d,nspack
a05f8dd5fc7d22ea599c3dc4c445e225,nspack
a04cf3c2f2f150c1c642415b894976b0,nspack
a04c7e89ef41cc035ef1667b2f104b3c,nspack
a042c585af1e5f388ec55e6f4feccb24,nspack
a0557e07aecf8ca1a0850a7687ff47b4,nspack
a04a35e0e02edd552410bd8e9be1d4bb,nspack
a000787d1f058befc65c2627256f2c3e,nspack
a014d29978dd68b40d8701816eb2cfd9,nspack
a046c37fb3532826e9c836e7a4d0d374,nspack
a014db1dc4c1375165d6309bac728a81,nspack
a04bde7e85ca3be96acc1703fa957742,nspack
a05f8bcde0579cac0ae6067850fbf489,nspack
a052e9a0f6af6f8426c5cf65b49fe7e7,nspack
a04e87796c9aa44e31fdcb5c53747424,nspack
a051de5ebdf8118268f2b4565e291b13,nspack
a06023f05e572ae312aa71c357e1683f,nspack
a0238306ca1616f25c5d571321265ce3,nspack
a021ff9034328c468ea2981f3ac56cca,nspack
a0440cca9919b43c9e6d9f310610c741,nspack
a03b3937e73f0b5d6abd369f1c5dfeca,nspack
a0017560d77d3de2d85d6669a8ec0e57,nspack
a0ade1437c27b595903529b293e34196,nspack
a06a3d9a21f5f6f8d88f14810814fc24,nspack
a031edf0fad52bc98486c7ef4b8ed16f,nspack
